[
    { "age": "20-24", "rate": 1.7 },
    { "age":  "25-29", "rate": 10.4 },
    { "age": "30-34", "rate": 30.5 },
    { "age": "35-39", "rate": 63.5 },
    { "age": "40-44", "rate": 125.1 },
    { "age": "45-49", "rate": 190.3 },
    { "age": "50-54", "rate": 221.4 },
    { "age": "55-59", "rate": 253.7 },
    { "age": "60-64", "rate": 308.1 },
    { "age": "65-69", "rate": 382.4 },
    { "age": "70-74", "rate": 422.2 },
    { "age": "75-79", "rate": 421.9 },
    { "age": "80-84", "rate": 379.4 },
    { "age": "85+", "rate": 279.7 }
]

