[
{"state":"Alabama","amount":5906491.0},
{"state":"Arizona","amount":5264385.0},
{"state":"Arkansas","amount":2086111.0},
{"state":"California","amount":74592570.0},
{"state":"Colorado","amount":5215453.0},
{"state":"Connecticut","amount":4218083.0},
{"state":"DC","amount":9230869.0},
{"state":"Delaware","amount":830517.0},
{"state":"FR","amount":355881.0},
{"state":"Florida","amount":16591556.0},
{"state":"Georgia","amount":13288098.0},
{"state":"Hawaii","amount":2156884.0},
{"state":"Idaho","amount":1156268.0},
{"state":"Illinois","amount":21729749.0},
{"state":"Indiana","amount":7102915.0},
{"state":"Iowa","amount":3141437.0},
{"state":"Kansas","amount":3501795.0},
{"state":"Kentucky","amount":3433543.0},
{"state":"Louisiana","amount":4970628.0},
{"state":"Maine","amount":2471107.0},
{"state":"Maryland","amount":27414799.0},
{"state":"Massachusetts","amount":60930696.0},
{"state":"Michigan","amount":14072239.0},
{"state":"Minnesota","amount":18156047.0},
{"state":"Mississippi","amount":576388.0},
{"state":"Missouri","amount":15557577.0},
{"state":"NIGERI","amount":86006.0},
{"state":"Nebraska","amount":1530602.0},
{"state":"New Hampshire","amount":4835956.0},
{"state":"New Jersey","amount":6789302.0},
{"state":"New Mexico","amount":1778027.0},
{"state":"New York","amount":81472670.0},
{"state":"North Carolina","amount":29576159.0},
{"state":"North Dakota","amount":940304.0},
{"state":"Ohio","amount":19988605.0},
{"state":"Oklahoma","amount":1739185.0},
{"state":"Oregon","amount":5143877.0},
{"state":"Pennsylvania","amount":29824802.0},
{"state":"Puerto Rico","amount":2771416.0},
{"state":"Rhode Island","amount":281644.0},
{"state":"SO AFR","amount":156017.0},
{"state":"South Carolina","amount":4247041.0},
{"state":"Tennessee","amount":16296481.0},
{"state":"Texas","amount":45839531.0},
{"state":"Utah","amount":6198989.0},
{"state":"Vermont","amount":2572352.0},
{"state":"Virginia","amount":8278631.0},
{"state":"Washington","amount":14860449.0},
{"state":"West Virginia","amount":2390901.0},
{"state":"Wisconsin","amount":11501964.0},
{"state":"Wyoming","amount":159391.0}
]