[
    { "year": 1975, "incidenceTrend": 106,  "deathTrend": 31.4 },
    { "year": 1976, "incidenceTrend": 102.1, "deathTrend": 31.8 },
    { "year": 1977, "incidenceTrend": 101.6, "deathTrend": 32.5 },
    { "year": 1978, "incidenceTrend": 102,   "deathTrend": 31.7 },
    { "year": 1979, "incidenceTrend": 102.6, "deathTrend": 31.2 },
    { "year": 1980, "incidenceTrend": 103.2, "deathTrend": 31.7 },
    { "year": 1981, "incidenceTrend": 105.1, "deathTrend": 31.9 },
    { "year": 1982, "incidenceTrend": 105.3, "deathTrend": 32.2 },
    { "year": 1983, "incidenceTrend": 110,   "deathTrend":32.1 },
    { "year": 1984, "incidenceTrend": 115.7, "deathTrend": 32.9 },
    { "year": 1985, "incidenceTrend": 123.8, "deathTrend": 33 },
    { "year": 1986, "incidenceTrend": 126.9, "deathTrend": 32.9 },
    { "year": 1987, "incidenceTrend": 134,   "deathTrend":32.7 },
    { "year": 1988, "incidenceTrend": 131.1, "deathTrend": 33.2 },
    { "year": 1989, "incidenceTrend": 127.2, "deathTrend": 33.2 },
    { "year": 1990, "incidenceTrend": 131,   "deathTrend":33.1 },
    { "year": 1991, "incidenceTrend": 132.1, "deathTrend": 32.7 },
    { "year": 1992, "incidenceTrend": 131.3, "deathTrend": 31.6 },
    { "year": 1993, "incidenceTrend": 128.8, "deathTrend": 31.4 },
    { "year": 1994, "incidenceTrend": 131.3, "deathTrend": 30.9 },
    { "year": 1995, "incidenceTrend": 132,   "deathTrend":30.6 },
    { "year": 1996, "incidenceTrend": 134.5, "deathTrend": 29.5 },
    { "year": 1997, "incidenceTrend": 137.9, "deathTrend": 28.2 },
    { "year": 1998, "incidenceTrend": 141.6, "deathTrend": 27.5 },
    { "year": 1999, "incidenceTrend": 142.3, "deathTrend": 26.6 },
    { "year": 2000, "incidenceTrend": 136.6, "deathTrend": 26.6 },
    { "year": 2001, "incidenceTrend": 139.4, "deathTrend": 26 },
    { "year": 2002, "incidenceTrend": 136.6, "deathTrend": 25.6 },
    { "year": 2003, "incidenceTrend": 126.7, "deathTrend": 25.3 },
    { "year": 2004, "incidenceTrend": 128.1, "deathTrend": 24.5 },
    { "year": 2005, "incidenceTrend": 126.9, "deathTrend": 24.1 },
    { "year": 2006, "incidenceTrend": 126.3, "deathTrend": 23.6 },
    { "year": 2007, "incidenceTrend": 128.8, "deathTrend": 23 },
    { "year": 2008, "incidenceTrend": 129.6, "deathTrend": 22.6 },
    { "year": 2009, "incidenceTrend": 130.7, "deathTrend": 22.2 },
    { "year": 2010, "incidenceTrend": 127.8, "deathTrend": 21.9 },
    { "year": 2011, "incidenceTrend": 131,   "deathTrend":21.6 },
    { "year": 2012, "incidenceTrend": 130,   "deathTrend":21.3 },
    { "year": 2013, "incidenceTrend": 131,   "deathTrend":20.8 },
    { "year": 2014, "incidenceTrend": 132.2, "deathTrend": 20.6 },
    { "year": 2015, "incidenceTrend": 132.3, "deathTrend": 20.3 },
    { "year": 2016, "incidenceTrend": 131.9, "deathTrend": 20.1 },
    { "year": 2017, "incidenceTrend": 133.2, "deathTrend": 19.9 },
    { "year": 2018, "incidenceTrend": 134.3, "deathTrend": 19.8 },
    { "year": 2019, "incidenceTrend": 137.3, "deathTrend": 19.4 },
    { "year": 2020, "incidenceTrend": 139.8, "deathTrend": 19.1 }
  ]