[
    {"year": 2008, "fund": 726},
    {"year": 2009, "fund": 722},
    {"year": 2010, "fund": 763},
    {"year": 2012, "fund": 715},
    {"year": 2013, "fund": 800},
    {"year": 2014, "fund": 657},
    {"year": 2015, "fund": 682},
    {"year": 2016, "fund": 674},
    {"year": 2017, "fund": 656},
    {"year": 2018, "fund": 689},
    {"year": 2019, "fund": 721},
    {"year": 2020, "fund": 709},
    {"year": 2021, "fund": 788},
    {"year": 2022, "fund": 731},
    {"year": 2023, "fund": 738},
    {"year": 2024, "fund": 782},
    {"year": 2025, "fund": 850}
  ]
  