[
    { "screeningRate": 28.7, "deathRate": 32.7 },
    { "screeningRate": 51.4, "deathRate": 33.1 },
    { "screeningRate": 54.6, "deathRate": 32.7 },
    { "screeningRate": 59.7, "deathRate": 31.4 },
    { "screeningRate": 60.9, "deathRate": 30.9 },
    { "screeningRate": 66.9, "deathRate": 27.5 },
    { "screeningRate": 70.3, "deathRate": 26.6 },
    { "screeningRate": 70.4, "deathRate": 26.6 },
    { "screeningRate": 69.7, "deathRate": 25.3 },
    { "screeningRate": 66.8, "deathRate": 24.1 },
    { "screeningRate": 67.6, "deathRate": 22.6 },
    { "screeningRate": 67.1, "deathRate": 21.9 },
    { "screeningRate": 66.8, "deathRate": 20.8 },
    { "screeningRate": 65.3, "deathRate": 20.3 },
    { "screeningRate": 66.7, "deathRate": 19.8 },
    { "screeningRate": 69.1, "deathRate": 19.4 }
  ]