Year,Area,Cancer Type,Age-Adjusted Rate,Case Count,Population
1999,Alabama,Female Breast,121.7,3007,2293259
1999,Alaska,Female Breast,133.2,306,301266
1999,Arizona,Female Breast,125.2,3294,2518299
1999,Arkansas,Female Breast,122.9,1851,1359445
1999,California,Female Breast,137.4,21924,16800161
1999,Colorado,Female Breast,143.3,2858,2101358
1999,Connecticut,Female Breast,150.5,2974,1747148
1999,Delaware,Female Breast,136.5,584,398732
1999,District of Columbia,Female Breast,143.3,448,301797
1999,Florida,Female Breast,135,13569,8073847
1999,Georgia,Female Breast,122.4,4735,4096031
1999,Hawaii,Female Breast,136.4,879,601830
1999,Idaho,Female Breast,132,816,636798
1999,Illinois,Female Breast,138.8,9063,6313350
1999,Indiana,Female Breast,134.2,4364,3083351
1999,Iowa,Female Breast,136.3,2335,1488223
1999,Kansas,Female Breast,137.1,1975,1356044
1999,Kentucky,Female Breast,132.3,2913,2056401
1999,Louisiana,Female Breast,129,2979,2302744
1999,Maine,Female Breast,131.5,995,650598
1999,Maryland,Female Breast,139.1,3898,2716928
1999,Massachusetts,Female Breast,145.5,5247,3274830
1999,Michigan,Female Breast,136,7192,5047770
1999,Minnesota,Female Breast,138.6,3491,2462931
1999,Mississippi,Female Breast,Data not presented,Data not presented
1999,Missouri,Female Breast,131.4,4098,2860166
1999,Montana,Female Breast,143.3,711,450543
1999,Nebraska,Female Breast,132.9,1258,865531
1999,Nevada,Female Breast,107.2,1018,949422
1999,New Hampshire,Female Breast,137.8,902,621409
1999,New Jersey,Female Breast,141.8,6746,4304271
1999,New Mexico,Female Breast,128.9,1178,918661
1999,New York,Female Breast,134.6,14213,9777654
1999,North Carolina,Female Breast,128.9,5537,4062710
1999,North Dakota,Female Breast,135.3,478,322617
1999,Ohio,Female Breast,137.3,8787,5835017
1999,Oklahoma,Female Breast,134.1,2553,1748783
1999,Oregon,Female Breast,154.8,2865,1712226
1999,Pennsylvania,Female Breast,137.4,10414,6347064
1999,Puerto Rico,,Data not presented,Data not presented
1999,Rhode Island,Female Breast,136.9,841,540724
1999,South Carolina,Female Breast,131.8,2840,2045606
1999,South Dakota,Female Breast,Data not presented,Data not presented
1999,Tennessee,Female Breast,118.4,3671,2897466
1999,Texas,Female Breast,127,12084,10360202
1999,United States,Female Breast,134.7,198575,140394214
1999,Utah,Female Breast,119,1005,1100167
1999,Vermont,Female Breast,151.5,515,308398
1999,Virginia,Female Breast,129.9,4771,3569683
1999,Washington,Female Breast,154,4547,2934901
1999,West Virginia,Female Breast,128.4,1447,931809
1999,Wisconsin,Female Breast,139.9,4063,2701525
1999,Wyoming,Female Breast,133.6,336,244518
2000,Alabama,Female Breast,117.6,2964,2302835
2000,Alaska,Female Breast,153.2,361,303213
2000,Arizona,Female Breast,126.1,3404,2584579
2000,Arkansas,Female Breast,123,1875,1371015
2000,California,Female Breast,134.6,21951,17050415
2000,Colorado,Female Breast,135.9,2792,2147742
2000,Connecticut,Female Breast,144.2,2886,1759318
2000,Delaware,Female Breast,139.3,608,404447
2000,District of Columbia,Female Breast,136.9,433,302643
2000,Florida,Female Breast,133.2,13566,8217314
2000,Georgia,Female Breast,127,5039,4180233
2000,Hawaii,Female Breast,120.2,788,603494
2000,Idaho,Female Breast,134.6,850,647984
2000,Illinois,Female Breast,133.9,8835,6345277
2000,Indiana,Female Breast,128.2,4219,3103169
2000,Iowa,Female Breast,128.1,2194,1491775
2000,Kansas,Female Breast,135.7,1971,1362500
2000,Kentucky,Female Breast,127.2,2839,2069716
2000,Louisiana,Female Breast,127.6,2976,2306978
2000,Maine,Female Breast,139.2,1077,655545
2000,Maryland,Female Breast,134.4,3840,2746031
2000,Massachusetts,Female Breast,144.8,5257,3296245
2000,Michigan,Female Breast,136.1,7288,5072182
2000,Minnesota,Female Breast,142.1,3645,2490622
2000,Mississippi,Female Breast,Data not presented,Data not presented
2000,Missouri,Female Breast,130.3,4124,2879787
2000,Montana,Female Breast,139.2,703,453425
2000,Nebraska,Female Breast,134.9,1268,868980
2000,Nevada,Female Breast,134.3,1328,990315
2000,New Hampshire,Female Breast,146.2,980,630111
2000,New Jersey,Female Breast,140,6735,4340112
2000,New Mexico,Female Breast,120.4,1128,925624
2000,New York,Female Breast,132.7,14216,9842061
2000,North Carolina,Female Breast,130.9,5716,4119034
2000,North Dakota,Female Breast,134.6,475,321555
2000,Ohio,Female Breast,131.3,8454,5845425
2000,Oklahoma,Female Breast,130.6,2505,1756493
2000,Oregon,Female Breast,146.9,2775,1728647
2000,Pennsylvania,Female Breast,132.6,10073,6351999
2000,Puerto Rico,,Data not presented,Data not presented
2000,Rhode Island,Female Breast,135.9,847,545774
2000,South Carolina,Female Breast,128.1,2814,2068627
2000,South Dakota,Female Breast,Data not presented,Data not presented
2000,Tennessee,Female Breast,120.5,3803,2926133
2000,Texas,Female Breast,127,12371,10545156
2000,United States,Female Breast,132.7,198668,141865770
2000,Utah,Female Breast,120.9,1047,1119827
2000,Vermont,Female Breast,135.8,467,310849
2000,Virginia,Female Breast,130.1,4883,3619742
2000,Washington,Female Breast,148,4454,2967734
2000,West Virginia,Female Breast,121.6,1367,928269
2000,Wisconsin,Female Breast,140.7,4128,2719235
2000,Wyoming,Female Breast,136,349,245584
2001,Alabama,Female Breast,121.9,3101,2309496
2001,Alaska,Female Breast,135.8,338,305579
2001,Arizona,Female Breast,125.7,3488,2641676
2001,Arkansas,Female Breast,121.3,1869,1376845
2001,California,Female Breast,133.4,22247,17294223
2001,Colorado,Female Breast,135,2843,2195705
2001,Connecticut,Female Breast,151.5,3051,1768959
2001,Delaware,Female Breast,135.8,603,409349
2001,District of Columbia,Female Breast,141.1,449,303740
2001,Florida,Female Breast,133.1,13781,8372776
2001,Georgia,Female Breast,128.3,5213,4256162
2001,Hawaii,Female Breast,136,913,609189
2001,Idaho,Female Breast,130.4,843,658043
2001,Illinois,Female Breast,135.3,9017,6370443
2001,Indiana,Female Breast,132.5,4405,3120158
2001,Iowa,Female Breast,132.9,2309,1492287
2001,Kansas,Female Breast,137.7,2013,1365966
2001,Kentucky,Female Breast,127,2874,2076871
2001,Louisiana,Female Breast,123.7,2914,2308063
2001,Maine,Female Breast,144.4,1129,659657
2001,Maryland,Female Breast,129.3,3771,2779864
2001,Massachusetts,Female Breast,140.1,5127,3312567
2001,Michigan,Female Breast,134.8,7295,5089289
2001,Minnesota,Female Breast,139.2,3630,2514149
2001,Mississippi,Female Breast,Data not presented,Data not presented
2001,Missouri,Female Breast,127.3,4072,2895476
2001,Montana,Female Breast,138.5,716,454683
2001,Nebraska,Female Breast,138,1325,871208
2001,Nevada,Female Breast,136.1,1421,1030850
2001,New Hampshire,Female Breast,143.3,981,637412
2001,New Jersey,Female Breast,138.4,6741,4369932
2001,New Mexico,Female Breast,118.8,1137,930387
2001,New York,Female Breast,128.8,13938,9878713
2001,North Carolina,Female Breast,131.8,5888,4187317
2001,North Dakota,Female Breast,127.8,466,319787
2001,Ohio,Female Breast,129.3,8404,5853691
2001,Oklahoma,Female Breast,132.1,2547,1760052
2001,Oregon,Female Breast,147.8,2832,1747889
2001,Pennsylvania,Female Breast,134.8,10297,6354395
2001,Puerto Rico,,Data not presented,Data not presented
2001,Rhode Island,Female Breast,131.5,826,548974
2001,South Carolina,Female Breast,127,2852,2089963
2001,South Dakota,Female Breast,135.7,565,381537
2001,Tennessee,Female Breast,115.3,3687,2948421
2001,Texas,Female Breast,126.2,12558,10731190
2001,United States,Female Breast,132,201265,143603977
2001,Utah,Female Breast,123.9,1101,1139182
2001,Vermont,Female Breast,140.6,494,311779
2001,Virginia,Female Breast,122.2,4692,3665386
2001,Washington,Female Breast,149.9,4612,3002080
2001,West Virginia,Female Breast,122.6,1398,923643
2001,Wisconsin,Female Breast,141.3,4197,2733647
2001,Wyoming,Female Breast,113.7,295,245327
2002,Alabama,Female Breast,119.3,3060,2314370
2002,Alaska,Female Breast,128.2,325,309633
2002,Arizona,Female Breast,122,3500,2704217
2002,Arkansas,Female Breast,124.4,1940,1383239
2002,California,Female Breast,131.9,22488,17498462
2002,Colorado,Female Breast,130.9,2831,2228665
2002,Connecticut,Female Breast,140,2856,1780500
2002,Delaware,Female Breast,127,578,414652
2002,District of Columbia,Female Breast,125.4,401,303146
2002,Florida,Female Breast,130.3,13784,8541734
2002,Georgia,Female Breast,126.2,5267,4327934
2002,Hawaii,Female Breast,131.7,901,616192
2002,Idaho,Female Breast,135.6,905,668686
2002,Illinois,Female Breast,130.8,8788,6387897
2002,Indiana,Female Breast,129,4350,3133342
2002,Iowa,Female Breast,133.3,2305,1491450
2002,Kansas,Female Breast,134.2,1994,1371898
2002,Kentucky,Female Breast,123.1,2822,2087223
2002,Louisiana,Female Breast,121.1,2892,2315524
2002,Maine,Female Breast,132.2,1048,664226
2002,Maryland,Female Breast,133.2,3973,2815197
2002,Massachusetts,Female Breast,136.6,5080,3319436
2002,Michigan,Female Breast,132.5,7275,5100171
2002,Minnesota,Female Breast,135.4,3602,2531205
2002,Mississippi,Female Breast,Data not presented,Data not presented
2002,Missouri,Female Breast,128.2,4145,2910476
2002,Montana,Female Breast,122.9,649,456712
2002,Nebraska,Female Breast,138,1334,874803
2002,Nevada,Female Breast,126.8,1380,1069764
2002,New Hampshire,Female Breast,143.3,1009,643680
2002,New Jersey,Female Breast,132.2,6526,4398801
2002,New Mexico,Female Breast,115.1,1126,941856
2002,New York,Female Breast,127.5,13939,9902927
2002,North Carolina,Female Breast,124.6,5702,4250179
2002,North Dakota,Female Breast,125,462,319017
2002,Ohio,Female Breast,126.5,8290,5859385
2002,Oklahoma,Female Breast,130.2,2543,1769080
2002,Oregon,Female Breast,143,2807,1771126
2002,Pennsylvania,Female Breast,128,9864,6363832
2002,Puerto Rico,,Data not presented,Data not presented
2002,Rhode Island,Female Breast,132.9,835,553090
2002,South Carolina,Female Breast,124,2842,2111069
2002,South Dakota,Female Breast,143.2,615,382328
2002,Tennessee,Female Breast,118.6,3854,2971873
2002,Texas,Female Breast,126.8,12929,10914653
2002,United States,Female Breast,129.3,200541,144919222
2002,Utah,Female Breast,114.1,1045,1158853
2002,Vermont,Female Breast,136.5,484,312959
2002,Virginia,Female Breast,124.8,4897,3713695
2002,Washington,Female Breast,149.5,4697,3036742
2002,West Virginia,Female Breast,113.4,1290,923841
2002,Wisconsin,Female Breast,132,3977,2751697
2002,Wyoming,Female Breast,126.8,335,247785
2003,Alabama,Female Breast,111.7,2895,2324069
2003,Alaska,Female Breast,141.9,370,313034
2003,Arizona,Female Breast,113.5,3332,2764077
2003,Arkansas,Female Breast,113.6,1796,1391523
2003,California,Female Breast,122,21266,17709509
2003,Colorado,Female Breast,128.7,2867,2253214
2003,Connecticut,Female Breast,132.4,2734,1793468
2003,Delaware,Female Breast,124.7,582,420802
2003,District of Columbia,Female Breast,190.7,589,300607
2003,Florida,Female Breast,118.4,12840,8697573
2003,Georgia,Female Breast,122.9,5256,4394952
2003,Hawaii,Female Breast,122.8,860,623753
2003,Idaho,Female Breast,119.7,812,679877
2003,Illinois,Female Breast,120.6,8188,6402859
2003,Indiana,Female Breast,116.8,3984,3152366
2003,Iowa,Female Breast,122.8,2144,1493907
2003,Kansas,Female Breast,124.4,1850,1377415
2003,Kentucky,Female Breast,120.3,2793,2102308
2003,Louisiana,Female Breast,120,2910,2327153
2003,Maine,Female Breast,132.2,1075,668680
2003,Maryland,Female Breast,135.7,4121,2843847
2003,Massachusetts,Female Breast,131.1,4897,3320817
2003,Michigan,Female Breast,126.4,7015,5110521
2003,Minnesota,Female Breast,126.1,3407,2546999
2003,Mississippi,Female Breast,108.5,1684,1479611
2003,Missouri,Female Breast,123.7,4055,2926556
2003,Montana,Female Breast,133.2,698,460116
2003,Nebraska,Female Breast,123.3,1188,879362
2003,Nevada,Female Breast,111.6,1277,1108135
2003,New Hampshire,Female Breast,126,901,648513
2003,New Jersey,Female Breast,128.3,6384,4421964
2003,New Mexico,Female Breast,107,1075,952303
2003,New York,Female Breast,127.2,14028,9917810
2003,North Carolina,Female Breast,118.8,5539,4313901
2003,North Dakota,Female Breast,123,449,318896
2003,Ohio,Female Breast,121.8,8078,5868535
2003,Oklahoma,Female Breast,132.4,2609,1777723
2003,Oregon,Female Breast,130.4,2620,1788805
2003,Pennsylvania,Female Breast,123.9,9575,6377894
2003,Puerto Rico,,Data not presented,Data not presented
2003,Rhode Island,Female Breast,125,788,555590
2003,South Carolina,Female Breast,123.9,2894,2133967
2003,South Dakota,Female Breast,128.3,555,383633
2003,Tennessee,Female Breast,115.1,3822,3000983
2003,Texas,Female Breast,118.5,12400,11095953
2003,United States,Female Breast,122.8,195485,147679036
2003,Utah,Female Breast,108.6,1017,1175867
2003,Vermont,Female Breast,131.7,472,314206
2003,Virginia,Female Breast,120.6,4839,3757780
2003,Washington,Female Breast,138.2,4447,3065739
2003,West Virginia,Female Breast,117.2,1342,925835
2003,Wisconsin,Female Breast,125.6,3827,2766901
2003,Wyoming,Female Breast,125.8,339,249128
2004,Alabama,Female Breast,111.8,2937,2337857
2004,Alaska,Female Breast,124.4,342,317807
2004,Arizona,Female Breast,114.6,3471,2835606
2004,Arkansas,Female Breast,109.9,1746,1403048
2004,California,Female Breast,120.3,21366,17871415
2004,Colorado,Female Breast,117.2,2673,2274511
2004,Connecticut,Female Breast,135.9,2830,1798078
2004,Delaware,Female Breast,118.7,567,427320
2004,District of Columbia,Female Breast,129.7,402,300284
2004,Florida,Female Breast,115.3,12736,8902447
2004,Georgia,Female Breast,123.4,5395,4463524
2004,Hawaii,Female Breast,122.5,883,636864
2004,Idaho,Female Breast,107.6,758,693186
2004,Illinois,Female Breast,121.3,8313,6414209
2004,Indiana,Female Breast,115.6,3989,3168952
2004,Iowa,Female Breast,122.4,2155,1498888
2004,Kansas,Female Breast,121.4,1828,1382396
2004,Kentucky,Female Breast,118.6,2788,2112051
2004,Louisiana,Female Breast,120.8,2963,2338753
2004,Maine,Female Breast,127.5,1053,671862
2004,Maryland,Female Breast,124.7,3867,2870043
2004,Massachusetts,Female Breast,134.4,5055,3314634
2004,Michigan,Female Breast,124.6,6996,5117929
2004,Minnesota,Female Breast,122.9,3381,2564037
2004,Mississippi,Female Breast,113.9,1796,1490115
2004,Missouri,Female Breast,122,4036,2942685
2004,Montana,Female Breast,120.3,651,465000
2004,Nebraska,Female Breast,126.7,1229,883984
2004,Nevada,Female Breast,111.4,1332,1156586
2004,New Hampshire,Female Breast,132,964,653845
2004,New Jersey,Female Breast,132.3,6659,4436964
2004,New Mexico,Female Breast,115.3,1181,964738
2004,New York,Female Breast,124.5,13820,9913527
2004,North Carolina,Female Breast,122.5,5850,4376070
2004,North Dakota,Female Breast,122.8,457,321008
2004,Ohio,Female Breast,123.5,8223,5874411
2004,Oklahoma,Female Breast,131.3,2616,1784671
2004,Oregon,Female Breast,132.3,2715,1800377
2004,Pennsylvania,Female Breast,126,9799,6390749
2004,Puerto Rico,,Data not presented,Data not presented
2004,Rhode Island,Female Breast,133.4,852,556375
2004,South Carolina,Female Breast,117.6,2815,2162305
2004,South Dakota,Female Breast,114.9,499,386677
2004,Tennessee,Female Breast,112,3764,3027931
2004,Texas,Female Breast,114.5,12301,11278402
2004,United States,Female Breast,121.5,196527,148977286
2004,Utah,Female Breast,115.6,1112,1196749
2004,Vermont,Female Breast,131.7,484,315080
2004,Virginia,Female Breast,125.6,5139,3814310
2004,Washington,Female Breast,131.7,4360,3107815
2004,West Virginia,Female Breast,118.5,1367,927027
2004,Wisconsin,Female Breast,118.6,3687,2782678
2004,Wyoming,Female Breast,117.6,325,251506
2005,Alabama,Female Breast,115,3081,2354514
2005,Alaska,Female Breast,134.1,369,320920
2005,Arizona,Female Breast,107.5,3389,2930811
2005,Arkansas,Female Breast,107.7,1737,1418295
2005,California,Female Breast,122.3,22116,17996230
2005,Colorado,Female Breast,125.7,2934,2308238
2005,Connecticut,Female Breast,135.9,2876,1802068
2005,Delaware,Female Breast,134,661,435227
2005,District of Columbia,Female Breast,128.1,408,299613
2005,Florida,Female Breast,116.2,13182,9117950
2005,Georgia,Female Breast,117.2,5294,4555263
2005,Hawaii,Female Breast,118,870,644813
2005,Idaho,Female Breast,110.7,804,711983
2005,Illinois,Female Breast,123,8522,6423831
2005,Indiana,Female Breast,116.1,4069,3191481
2005,Iowa,Female Breast,122.7,2171,1503019
2005,Kansas,Female Breast,123.9,1876,1387958
2005,Kentucky,Female Breast,118.6,2830,2129658
2005,Louisiana,Female Breast,110.3,2660,2263201
2005,Maine,Female Breast,133.8,1109,674104
2005,Maryland,Female Breast,120.2,3767,2891761
2005,Massachusetts,Female Breast,131.5,5016,3309010
2005,Michigan,Female Breast,122.9,6974,5114320
2005,Minnesota,Female Breast,124.8,3491,2579546
2005,Mississippi,Female Breast,110.9,1756,1482601
2005,Missouri,Female Breast,123.3,4139,2962870
2005,Montana,Female Breast,125.9,700,469780
2005,Nebraska,Female Breast,122.2,1201,889468
2005,Nevada,Female Breast,110.1,1385,1198846
2005,New Hampshire,Female Breast,137.1,1017,657932
2005,New Jersey,Female Breast,128.8,6536,4443545
2005,New Mexico,Female Breast,109,1148,978520
2005,New York,Female Breast,124.4,13922,9887467
2005,North Carolina,Female Breast,123.1,6048,4457189
2005,North Dakota,Female Breast,120.7,459,321543
2005,Ohio,Female Breast,123.5,8316,5876703
2005,Oklahoma,Female Breast,125.6,2537,1796475
2005,Oregon,Female Breast,131.3,2735,1823447
2005,Pennsylvania,Female Breast,123.6,9681,6405053
2005,Puerto Rico,Female Breast,81.7,1719,1986644
2005,Rhode Island,Female Breast,123.8,789,552832
2005,South Carolina,Female Breast,121.8,2982,2192345
2005,South Dakota,Female Breast,125.8,562,389021
2005,Tennessee,Female Breast,122.8,4213,3068439
2005,Texas,Female Breast,115.1,12691,11467895
2005,United States,Female Breast,121.3,199739,150319521
2005,Utah,Female Breast,110,1093,1224741
2005,Vermont,Female Breast,121.2,455,315422
2005,Virginia,Female Breast,120.6,5040,3863646
2005,Washington,Female Breast,134.4,4554,3145396
2005,West Virginia,Female Breast,117.8,1381,927690
2005,Wisconsin,Female Breast,124.2,3895,2797061
2005,Wyoming,Female Breast,105.4,298,253726
2006,Alabama,Female Breast,120.1,3250,2385480
2006,Alaska,Female Breast,131.8,371,325121
2006,Arizona,Female Breast,107.2,3507,3026134
2006,Arkansas,Female Breast,112.1,1847,1438428
2006,California,Female Breast,121.4,22225,18097471
2006,Colorado,Female Breast,122.3,2944,2352960
2006,Connecticut,Female Breast,136,2889,1807675
2006,Delaware,Female Breast,118.3,602,442766
2006,District of Columbia,Female Breast,141.6,446,301322
2006,Florida,Female Breast,117,13533,9280080
2006,Georgia,Female Breast,118.8,5538,4670606
2006,Hawaii,Female Breast,110.6,836,652351
2006,Idaho,Female Breast,124.1,932,732104
2006,Illinois,Female Breast,127.5,8899,6440022
2006,Indiana,Female Breast,118.5,4216,3218203
2006,Iowa,Female Breast,121.6,2186,1511124
2006,Kansas,Female Breast,131.5,2026,1394092
2006,Kentucky,Female Breast,124.9,3042,2149096
2006,Louisiana,Female Breast,116.7,2777,2204072
2006,Maine,Female Breast,130.1,1108,676157
2006,Maryland,Female Breast,120.7,3840,2907963
2006,Massachusetts,Female Breast,133.2,5102,3311185
2006,Michigan,Female Breast,122.2,7007,5106621
2006,Minnesota,Female Breast,124.6,3540,2600951
2006,Mississippi,Female Breast,107.1,1737,1496313
2006,Missouri,Female Breast,121.7,4145,2987563
2006,Montana,Female Breast,125.5,704,475341
2006,Nebraska,Female Breast,130.9,1304,894687
2006,Nevada,Female Breast,113.2,1457,1243993
2006,New Hampshire,Female Breast,135,1025,662773
2006,New Jersey,Female Breast,129,6586,4448099
2006,New Mexico,Female Breast,107.5,1171,993969
2006,New York,Female Breast,127.8,14309,9871401
2006,North Carolina,Female Breast,127.8,6474,4563152
2006,North Dakota,Female Breast,126.1,481,322583
2006,Ohio,Female Breast,120.6,8202,5883067
2006,Oklahoma,Female Breast,121.6,2487,1818693
2006,Oregon,Female Breast,132.6,2847,1853117
2006,Pennsylvania,Female Breast,125.6,9923,6429312
2006,Puerto Rico,Female Breast,75,1609,1979256
2006,Rhode Island,Female Breast,132.1,854,550134
2006,South Carolina,Female Breast,123.3,3123,2237655
2006,South Dakota,Female Breast,114.4,513,392420
2006,Tennessee,Female Breast,119.9,4227,3121455
2006,Texas,Female Breast,114.3,13003,11771243
2006,United States,Female Breast,122.2,204298,151732647
2006,Utah,Female Breast,112.2,1158,1257991
2006,Vermont,Female Breast,137.3,524,316290
2006,Virginia,Female Breast,124.1,5280,3908475
2006,Washington,Female Breast,127.6,4449,3200695
2006,West Virginia,Female Breast,115,1356,930605
2006,Wisconsin,Female Breast,124.9,3970,2812276
2006,Wyoming,Female Breast,113.4,326,257361
2007,Alabama,Female Breast,117.9,3254,2407275
2007,Alaska,Female Breast,132.5,391,327138
2007,Arizona,Female Breast,115.5,3895,3096998
2007,Arkansas,Female Breast,115.8,1945,1451358
2007,California,Female Breast,124.7,23293,18214926
2007,Colorado,Female Breast,124.4,3084,2396433
2007,Connecticut,Female Breast,136.8,2956,1811617
2007,Delaware,Female Breast,135.5,704,449398
2007,District of Columbia,Female Breast,143.2,449,302949
2007,Florida,Female Breast,117.3,13839,9378587
2007,Georgia,Female Breast,125.6,6048,4777572
2007,Hawaii,Female Breast,120.8,919,657185
2007,Idaho,Female Breast,124.2,963,750127
2007,Illinois,Female Breast,126.8,8936,6467577
2007,Indiana,Female Breast,119.8,4303,3241454
2007,Iowa,Female Breast,123.5,2203,1518023
2007,Kansas,Female Breast,125.2,1960,1405705
2007,Kentucky,Female Breast,122,3031,2164210
2007,Louisiana,Female Breast,120.4,2931,2239125
2007,Maine,Female Breast,132.5,1139,677797
2007,Maryland,Female Breast,128.3,4145,2920109
2007,Massachusetts,Female Breast,134.4,5190,3321653
2007,Michigan,Female Breast,122.8,7128,5091035
2007,Minnesota,Female Breast,132.1,3815,2622551
2007,Mississippi,Female Breast,116.7,1925,1507071
2007,Missouri,Female Breast,118.7,4104,3007493
2007,Montana,Female Breast,124.7,723,480939
2007,Nebraska,Female Breast,117.9,1197,900106
2007,Nevada,Female Breast,117.9,1572,1284052
2007,New Hampshire,Female Breast,131.5,1032,664987
2007,New Jersey,Female Breast,131.1,6761,4455148
2007,New Mexico,Female Breast,111.4,1243,1007922
2007,New York,Female Breast,127.8,14467,9881510
2007,North Carolina,Female Breast,127.7,6676,4677313
2007,North Dakota,Female Breast,125.2,475,324066
2007,Ohio,Female Breast,121.7,8388,5890965
2007,Oklahoma,Female Breast,126.1,2622,1837175
2007,Oregon,Female Breast,132.1,2889,1879347
2007,Pennsylvania,Female Breast,123.7,9867,6452087
2007,Puerto Rico,Female Breast,79.9,1737,1968707
2007,Rhode Island,Female Breast,140.9,906,546859
2007,South Carolina,Female Breast,126,3284,2280792
2007,South Dakota,Female Breast,126.4,583,396650
2007,Tennessee,Female Breast,120.1,4322,3162280
2007,Texas,Female Breast,117.2,13705,12010572
2007,United States,Female Breast,123.8,210791,153166353
2007,Utah,Female Breast,108.1,1159,1292672
2007,Vermont,Female Breast,134.8,517,316538
2007,Virginia,Female Breast,128.5,5579,3947966
2007,Washington,Female Breast,125.6,4446,3247800
2007,West Virginia,Female Breast,116.8,1391,932683
2007,Wisconsin,Female Breast,126.6,4103,2827782
2007,Wyoming,Female Breast,114.4,334,262776
2008,Alabama,Female Breast,122.8,3452,2430257
2008,Alaska,Female Breast,132.6,402,329412
2008,Arizona,Female Breast,120,4138,3155278
2008,Arkansas,Female Breast,105.6,1801,1464220
2008,California,Female Breast,126.2,24033,18396972
2008,Colorado,Female Breast,125.7,3221,2439060
2008,Connecticut,Female Breast,136.8,2986,1820749
2008,Delaware,Female Breast,127.6,675,455481
2008,District of Columbia,Female Breast,142.4,443,306265
2008,Florida,Female Breast,119.1,14308,9465279
2008,Georgia,Female Breast,124.9,6176,4856984
2008,Hawaii,Female Breast,124,958,665313
2008,Idaho,Female Breast,118.1,941,764792
2008,Illinois,Female Breast,127.2,9103,6493537
2008,Indiana,Female Breast,119.5,4365,3263963
2008,Iowa,Female Breast,120.6,2190,1525539
2008,Kansas,Female Breast,123.2,1946,1415563
2008,Kentucky,Female Breast,121.9,3092,2183532
2008,Louisiana,Female Breast,118,2927,2269630
2008,Maine,Female Breast,128.3,1130,679413
2008,Maryland,Female Breast,136.4,4474,2935788
2008,Massachusetts,Female Breast,142,5540,3340730
2008,Michigan,Female Breast,119.2,6966,5065899
2008,Minnesota,Female Breast,128.9,3790,2642672
2008,Mississippi,Female Breast,119.4,1982,1516955
2008,Missouri,Female Breast,128.1,4489,3024837
2008,Montana,Female Breast,123.1,724,486477
2008,Nebraska,Female Breast,130.3,1337,905814
2008,Nevada,Female Breast,116.2,1584,1310601
2008,New Hampshire,Female Breast,136.7,1091,666576
2008,New Jersey,Female Breast,132.5,6927,4469901
2008,New Mexico,Female Breast,111.5,1254,1018578
2008,New York,Female Breast,130.2,14860,9918841
2008,North Carolina,Female Breast,125.5,6711,4771376
2008,North Dakota,Female Breast,115.8,446,326131
2008,Ohio,Female Breast,123.4,8612,5896594
2008,Oklahoma,Female Breast,124.9,2639,1854771
2008,Oregon,Female Breast,128.9,2891,1903535
2008,Pennsylvania,Female Breast,129.6,10418,6473295
2008,Puerto Rico,Female Breast,83.6,1832,1957525
2008,Rhode Island,Female Breast,138.1,895,545412
2008,South Carolina,Female Breast,127.2,3411,2325047
2008,South Dakota,Female Breast,125.2,585,400236
2008,Tennessee,Female Breast,122.8,4506,3203115
2008,Texas,Female Breast,115.9,13917,12249936
2008,United States,Female Breast,125,216430,154604015
2008,Utah,Female Breast,116.8,1286,1325631
2008,Vermont,Female Breast,124.9,495,316722
2008,Virginia,Female Breast,128.6,5692,3988983
2008,Washington,Female Breast,134.5,4867,3293162
2008,West Virginia,Female Breast,106,1280,934911
2008,Wisconsin,Female Breast,126.2,4131,2842268
2008,Wyoming,Female Breast,114.2,343,267982
2009,Alabama,Female Breast,120.7,3448,2448159
2009,Alaska,Female Breast,121.4,377,337002
2009,Arizona,Female Breast,116.9,4146,3189908
2009,Arkansas,Female Breast,112.8,1940,1475013
2009,California,Female Breast,124.2,24122,18583075
2009,Colorado,Female Breast,131.1,3443,2480710
2009,Connecticut,Female Breast,138.5,3063,1828779
2009,Delaware,Female Breast,125.5,691,459795
2009,District of Columbia,Female Breast,144.4,452,311828
2009,Florida,Female Breast,118.8,14487,9534289
2009,Georgia,Female Breast,126.3,6399,4917756
2009,Hawaii,Female Breast,130.8,1042,673075
2009,Idaho,Female Breast,120.8,992,775398
2009,Illinois,Female Breast,128.6,9313,6520723
2009,Indiana,Female Breast,123.5,4563,3281477
2009,Iowa,Female Breast,126,2310,1532739
2009,Kansas,Female Breast,122.7,1967,1428139
2009,Kentucky,Female Breast,122.1,3120,2193136
2009,Louisiana,Female Breast,125.5,3179,2295199
2009,Maine,Female Breast,125.1,1103,678694
2009,Maryland,Female Breast,132.8,4438,2960001
2009,Massachusetts,Female Breast,137.7,5462,3365859
2009,Michigan,Female Breast,123,7310,5044338
2009,Minnesota,Female Breast,131.8,3946,2659958
2009,Mississippi,Female Breast,118.8,1993,1522000
2009,Missouri,Female Breast,127.9,4562,3042021
2009,Montana,Female Breast,129.2,784,490122
2009,Nebraska,Female Breast,122.5,1255,913619
2009,Nevada,Female Breast,118.6,1675,1327618
2009,New Hampshire,Female Breast,136.3,1089,666875
2009,New Jersey,Female Breast,134.4,7096,4493506
2009,New Mexico,Female Breast,115.5,1350,1031238
2009,New York,Female Breast,131.7,15247,9966620
2009,North Carolina,Female Breast,130.8,7175,4846501
2009,North Dakota,Female Breast,131.8,508,329674
2009,Ohio,Female Breast,125.9,8848,5902018
2009,Oklahoma,Female Breast,120.3,2586,1878034
2009,Oregon,Female Breast,133.2,3038,1923209
2009,Pennsylvania,Female Breast,130.7,10553,6497024
2009,Puerto Rico,Female Breast,81.6,1817,1947361
2009,Rhode Island,Female Breast,138.3,906,544764
2009,South Carolina,Female Breast,125.5,3443,2357030
2009,South Dakota,Female Breast,123,574,403198
2009,Tennessee,Female Breast,124.3,4643,3231769
2009,Texas,Female Breast,121,14930,12500150
2009,United States,Female Breast,126.2,222209,155964075
2009,Utah,Female Breast,108.5,1227,1355509
2009,Vermont,Female Breast,130.6,520,317128
2009,Virginia,Female Breast,127.7,5744,4037895
2009,Washington,Female Breast,140.1,5200,3343920
2009,West Virginia,Female Breast,116.1,1406,937434
2009,Wisconsin,Female Breast,127.2,4208,2856103
2009,Wyoming,Female Breast,108.1,336,274046
2010,Alabama,Female Breast,118.2,3433,2462501
2010,Alaska,Female Breast,128.3,419,342348
2010,Arizona,Female Breast,113.8,4132,3223331
2010,Arkansas,Female Breast,110.7,1951,1487273
2010,California,Female Breast,120,23836,18773276
2010,Colorado,Female Breast,124.5,3369,2517949
2010,Connecticut,Female Breast,141.3,3141,1836823
2010,Delaware,Female Breast,134.6,743,463974
2010,District of Columbia,Female Breast,144.6,470,319308
2010,Florida,Female Breast,118.1,14738,9633882
2010,Georgia,Female Breast,119.9,6233,4970859
2010,Hawaii,Female Breast,131.3,1075,680708
2010,Idaho,Female Breast,119.8,1007,783970
2010,Illinois,Female Breast,128.3,9421,6543435
2010,Indiana,Female Breast,119,4486,3297382
2010,Iowa,Female Breast,127,2361,1539861
2010,Kansas,Female Breast,121.5,1972,1440121
2010,Kentucky,Female Breast,120.4,3110,2208920
2010,Louisiana,Female Breast,123.5,3175,2319925
2010,Maine,Female Breast,126.1,1130,677943
2010,Maryland,Female Breast,130.6,4444,2988816
2010,Massachusetts,Female Breast,130.7,5229,3390251
2010,Michigan,Female Breast,118.1,7055,5032392
2010,Minnesota,Female Breast,128.7,3872,2675292
2010,Mississippi,Female Breast,117.7,2013,1527379
2010,Missouri,Female Breast,120.8,4366,3058876
2010,Montana,Female Breast,131.5,804,493472
2010,Nebraska,Female Breast,119.4,1262,921463
2010,Nevada,Female Breast,115.1,1647,1338331
2010,New Hampshire,Female Breast,130.3,1067,667248
2010,New Jersey,Female Breast,130.8,7009,4515662
2010,New Mexico,Female Breast,109.1,1308,1044296
2010,New York,Female Breast,124.9,14565,10010724
2010,North Carolina,Female Breast,129.9,7297,4904404
2010,North Dakota,Female Breast,122.8,479,333653
2010,Ohio,Female Breast,118.4,8412,5905286
2010,Oklahoma,Female Breast,120,2597,1899677
2010,Oregon,Female Breast,126.8,2927,1938491
2010,Pennsylvania,Female Breast,127.2,10393,6515318
2010,Puerto Rico,Female Breast,86,1944,1938743
2010,Rhode Island,Female Breast,116.9,772,544718
2010,South Carolina,Female Breast,128.3,3584,2380930
2010,South Dakota,Female Breast,114,543,407748
2010,Tennessee,Female Breast,120.1,4594,3257576
2010,Texas,Female Breast,114.6,14477,12721747
2010,United States,Female Breast,122.3,219161,157249665
2010,Utah,Female Breast,112,1289,1381267
2010,Vermont,Female Breast,131.9,524,317623
2010,Virginia,Female Breast,122.1,5612,4085723
2010,Washington,Female Breast,130.5,4957,3384508
2010,West Virginia,Female Breast,115.3,1397,939948
2010,Wisconsin,Female Breast,123.5,4123,2866332
2010,Wyoming,Female Breast,108.7,341,276725
2011,Alabama,Female Breast,117.9,3461,2471124
2011,Alaska,Female Breast,133.8,431,346420
2011,Arizona,Female Breast,113.7,4238,3255268
2011,Arkansas,Female Breast,108.5,1924,1496627
2011,California,Female Breast,123.5,24958,18941522
2011,Colorado,Female Breast,122,3353,2555122
2011,Connecticut,Female Breast,137,3108,1840904
2011,Delaware,Female Breast,124.1,713,468243
2011,District of Columbia,Female Breast,157.1,514,326595
2011,Florida,Female Breast,118.5,15036,9736576
2011,Georgia,Female Breast,126.8,6707,5016509
2011,Hawaii,Female Breast,126.2,1054,688528
2011,Idaho,Female Breast,116.4,1002,790969
2011,Illinois,Female Breast,131.4,9722,6555863
2011,Indiana,Female Breast,119.2,4533,3310293
2011,Iowa,Female Breast,127.2,2374,1546565
2011,Kansas,Female Breast,127.7,2081,1445451
2011,Kentucky,Female Breast,121.7,3215,2220604
2011,Louisiana,Female Breast,124.5,3242,2336558
2011,Maine,Female Breast,128.5,1148,678007
2011,Maryland,Female Breast,130.7,4543,3013514
2011,Massachusetts,Female Breast,137.2,5598,3412828
2011,Michigan,Female Breast,123.9,7463,5034506
2011,Minnesota,Female Breast,135.5,4144,2692147
2011,Mississippi,Female Breast,115.3,1989,1531631
2011,Missouri,Female Breast,128.8,4701,3065745
2011,Montana,Female Breast,130.8,807,497009
2011,Nebraska,Female Breast,127,1325,926785
2011,Nevada,Female Breast,114.1,1692,1345187
2011,New Hampshire,Female Breast,143.1,1171,668935
2011,New Jersey,Female Breast,130.6,7061,4527643
2011,New Mexico,Female Breast,114.7,1402,1052390
2011,New York,Female Breast,131.5,15508,10056851
2011,North Carolina,Female Breast,134,7695,4952048
2011,North Dakota,Female Breast,120.3,476,338166
2011,Ohio,Female Breast,125.4,8964,5906025
2011,Oklahoma,Female Breast,116.7,2577,1914243
2011,Oregon,Female Breast,131.3,3072,1956689
2011,Pennsylvania,Female Breast,130.1,10707,6528781
2011,Puerto Rico,Female Breast,93.8,2148,1915291
2011,Rhode Island,Female Breast,128.7,854,544091
2011,South Carolina,Female Breast,126.8,3618,2401300
2011,South Dakota,Female Breast,132.9,639,410308
2011,Tennessee,Female Breast,121.8,4752,3281016
2011,Texas,Female Breast,110.8,14359,12925831
2011,United States,Female Breast,125,227312,158370501
2011,Utah,Female Breast,117.9,1399,1400748
2011,Vermont,Female Breast,127.7,519,317948
2011,Virginia,Female Breast,127.3,5964,4123702
2011,Washington,Female Breast,136.4,5265,3424466
2011,West Virginia,Female Breast,115,1413,940485
2011,Wisconsin,Female Breast,130.7,4440,2873601
2011,Wyoming,Female Breast,120.4,381,278134
2012,Alabama,Female Breast,120.7,3582,2480436
2012,Alaska,Female Breast,128.4,424,349778
2012,Arizona,Female Breast,111.6,4268,3296646
2012,Arkansas,Female Breast,112.1,2008,1502409
2012,California,Female Breast,122.9,25397,19097277
2012,Colorado,Female Breast,122.9,3502,2590172
2012,Connecticut,Female Breast,137.8,3150,1843669
2012,Delaware,Female Breast,126.4,734,472124
2012,District of Columbia,Female Breast,138.9,464,334714
2012,Florida,Female Breast,120.2,15646,9864969
2012,Georgia,Female Breast,124.3,6766,5068404
2012,Hawaii,Female Breast,139.1,1165,695606
2012,Idaho,Female Breast,125.3,1092,796813
2012,Illinois,Female Breast,127.3,9546,6562818
2012,Indiana,Female Breast,121.5,4656,3319458
2012,Iowa,Female Breast,114.9,2167,1550836
2012,Kansas,Female Breast,126.7,2105,1451795
2012,Kentucky,Female Breast,124.3,3311,2227546
2012,Louisiana,Female Breast,122.5,3249,2350259
2012,Maine,Female Breast,123.1,1135,677831
2012,Maryland,Female Breast,129,4548,3036122
2012,Massachusetts,Female Breast,137.3,5650,3435460
2012,Michigan,Female Breast,127.2,7759,5038913
2012,Minnesota,Female Breast,130.5,4085,2706227
2012,Mississippi,Female Breast,120.4,2099,1534497
2012,Missouri,Female Breast,127.4,4723,3072496
2012,Montana,Female Breast,117.6,744,499969
2012,Nebraska,Female Breast,120.2,1296,932548
2012,Nevada,Female Breast,115.2,1747,1361633
2012,New Hampshire,Female Breast,135.3,1142,670911
2012,New Jersey,Female Breast,132.4,7215,4534588
2012,New Mexico,Female Breast,116.9,1447,1054817
2012,New York,Female Breast,127.2,15145,10088624
2012,North Carolina,Female Breast,130.2,7612,5001181
2012,North Dakota,Female Breast,125.5,489,345038
2012,Ohio,Female Breast,124.5,8940,5904138
2012,Oklahoma,Female Breast,116,2588,1928266
2012,Oregon,Female Breast,129.8,3126,1969955
2012,Pennsylvania,Female Breast,130.5,10824,6533444
2012,Puerto Rico,Female Breast,94.6,2175,1895416
2012,Rhode Island,Female Breast,141.5,938,544185
2012,South Carolina,Female Breast,129.8,3824,2425622
2012,South Dakota,Female Breast,144.4,684,414663
2012,Tennessee,Female Breast,124.1,4883,3308185
2012,Texas,Female Breast,114.7,15250,13141745
2012,United States,Female Breast,124.9,230931,159480635
2012,Utah,Female Breast,116.4,1419,1419345
2012,Vermont,Female Breast,129.6,532,317491
2012,Virginia,Female Breast,127.6,6067,4165263
2012,Washington,Female Breast,138.2,5478,3459044
2012,West Virginia,Female Breast,119,1473,940205
2012,Wisconsin,Female Breast,131,4485,2880310
2012,Wyoming,Female Breast,109.5,352,282190
2013,Alabama,Female Breast,122.1,3689,2488451
2013,Alaska,Female Breast,123.3,426,351687
2013,Arizona,Female Breast,117.7,4606,3337128
2013,Arkansas,Female Breast,121,2200,1506571
2013,California,Female Breast,123.2,25917,19257182
2013,Colorado,Female Breast,125.3,3639,2627451
2013,Connecticut,Female Breast,139.9,3196,1843190
2013,Delaware,Female Breast,147.4,879,476810
2013,District of Columbia,Female Breast,140.5,480,342422
2013,Florida,Female Breast,121.2,16130,9991577
2013,Georgia,Female Breast,125.2,6956,5109687
2013,Hawaii,Female Breast,143.5,1227,701564
2013,Idaho,Female Breast,121.4,1086,804640
2013,Illinois,Female Breast,131.6,9979,6566512
2013,Indiana,Female Breast,123.2,4799,3334467
2013,Iowa,Female Breast,118.9,2235,1558562
2013,Kansas,Female Breast,118.2,1966,1454421
2013,Kentucky,Female Breast,124.5,3365,2235831
2013,Louisiana,Female Breast,125.4,3363,2362258
2013,Maine,Female Breast,127.9,1174,677601
2013,Maryland,Female Breast,136.2,4868,3054346
2013,Massachusetts,Female Breast,137.6,5770,3460982
2013,Michigan,Female Breast,126.9,7812,5045064
2013,Minnesota,Female Breast,128.3,4030,2724276
2013,Mississippi,Female Breast,114.1,2023,1536846
2013,Missouri,Female Breast,126.8,4705,3079277
2013,Montana,Female Breast,114.5,740,504489
2013,Nebraska,Female Breast,122.2,1328,937543
2013,Nevada,Female Breast,114.6,1789,1379061
2013,New Hampshire,Female Breast,150.6,1292,671812
2013,New Jersey,Female Breast,137.6,7574,4538378
2013,New Mexico,Female Breast,117.1,1463,1056816
2013,New York,Female Breast,132.3,15901,10110966
2013,North Carolina,Female Breast,131.7,7884,5050911
2013,North Dakota,Female Breast,126.5,502,353821
2013,Ohio,Female Breast,127.5,9300,5914624
2013,Oklahoma,Female Breast,117.9,2642,1944887
2013,Oregon,Female Breast,130.6,3218,1982002
2013,Pennsylvania,Female Breast,132.8,11126,6532794
2013,Puerto Rico,Female Breast,97.1,2233,1872797
2013,Rhode Island,Female Breast,138.5,931,544135
2013,South Carolina,Female Breast,129.6,3899,2450408
2013,South Dakota,Female Breast,150.3,730,418793
2013,Tennessee,Female Breast,127.9,5135,3329087
2013,Texas,Female Breast,113.6,15465,13337529
2013,United States,Female Breast,126.5,237659,160545893
2013,Utah,Female Breast,111.9,1391,1441058
2013,Vermont,Female Breast,127.3,527,317406
2013,Virginia,Female Breast,130.4,6357,4197755
2013,Washington,Female Breast,136.6,5508,3490939
2013,West Virginia,Female Breast,119.9,1491,938312
2013,Wisconsin,Female Breast,132.9,4592,2888446
2013,Wyoming,Female Breast,107.8,354,285118
2014,Alabama,Female Breast,122,3728,2495725
2014,Alaska,Female Breast,132.8,454,351081
2014,Arizona,Female Breast,118.7,4766,3385557
2014,Arkansas,Female Breast,117.1,2153,1510809
2014,California,Female Breast,121.2,26004,19422017
2014,Colorado,Female Breast,125.9,3739,2665581
2014,Connecticut,Female Breast,143.5,3299,1842252
2014,Delaware,Female Breast,138.7,851,481448
2014,District of Columbia,Female Breast,146.5,510,348388
2014,Florida,Female Breast,122.1,16514,10146227
2014,Georgia,Female Breast,126.6,7240,5162257
2014,Hawaii,Female Breast,138.4,1182,704261
2014,Idaho,Female Breast,126.8,1162,814428
2014,Illinois,Female Breast,134.4,10272,6560509
2014,Indiana,Female Breast,126.3,4955,3346640
2014,Iowa,Female Breast,127.1,2404,1565894
2014,Kansas,Female Breast,126.8,2126,1456819
2014,Kentucky,Female Breast,129.3,3517,2241404
2014,Louisiana,Female Breast,123.3,3381,2372375
2014,Maine,Female Breast,130.5,1221,679271
2014,Maryland,Female Breast,133.3,4875,3072502
2014,Massachusetts,Female Breast,139.2,5906,3484994
2014,Michigan,Female Breast,119.3,7486,5050975
2014,Minnesota,Female Breast,131.5,4233,2742170
2014,Mississippi,Female Breast,115.8,2073,1538890
2014,Missouri,Female Breast,131.2,4924,3086784
2014,Montana,Female Breast,130.8,846,508360
2014,Nebraska,Female Breast,125.3,1384,943774
2014,Nevada,Female Breast,111.3,1802,1401290
2014,New Hampshire,Female Breast,145.9,1283,674573
2014,New Jersey,Female Breast,136.8,7611,4541269
2014,New Mexico,Female Breast,111.5,1406,1055167
2014,New York,Female Breast,133.8,16250,10122684
2014,North Carolina,Female Breast,136,8320,5099723
2014,North Dakota,Female Breast,114.6,462,360130
2014,Ohio,Female Breast,128.6,9468,5925788
2014,Oklahoma,Female Breast,121.9,2762,1957329
2014,Oregon,Female Breast,126.1,3159,2002391
2014,Pennsylvania,Female Breast,133.7,11181,6536769
2014,Rhode Island,Female Breast,136.9,920,544071
2014,South Carolina,Female Breast,128.7,3921,2482344
2014,South Dakota,Female Breast,126.2,624,421923
2014,Tennessee,Female Breast,121.1,4892,3352533
2014,Texas,Female Breast,114.6,16021,13577164
2014,United States,Female Breast,126.8,242050,161690519
2014,Utah,Female Breast,117.9,1534,1460537
2014,Vermont,Female Breast,138.9,577,316922
2014,Virginia,Female Breast,133,6566,4226409
2014,Washington,Female Breast,137.1,5650,3533298
2014,West Virginia,Female Breast,115.8,1469,936287
2014,Wisconsin,Female Breast,129.5,4555,2895122
2014,Wyoming,Female Breast,124.9,412,285404
2015,Alabama,Female Breast,124.8,3849,2501997
2015,Alaska,Female Breast,128.1,448,351714
2015,Arizona,Female Breast,115,4760,3435368
2015,Arkansas,Female Breast,119.3,2209,1515816
2015,California,Female Breast,124.1,27187,19575981
2015,Colorado,Female Breast,126.6,3837,2713032
2015,Connecticut,Female Breast,144.7,3361,1838202
2015,Delaware,Female Breast,137.9,849,486044
2015,District of Columbia,Female Breast,130.5,456,355848
2015,Florida,Female Breast,122.5,16994,10330862
2015,Georgia,Female Breast,128.2,7467,5222914
2015,Hawaii,Female Breast,136,1188,707788
2015,Idaho,Female Breast,126.6,1182,824601
2015,Illinois,Female Breast,134.5,10401,6545496
2015,Indiana,Female Breast,124.8,4998,3353205
2015,Iowa,Female Breast,131,2501,1570465
2015,Kansas,Female Breast,131.5,2249,1460522
2015,Kentucky,Female Breast,128,3538,2246861
2015,Louisiana,Female Breast,128,3561,2383171
2015,Maine,Female Breast,126.3,1189,678342
2015,Maryland,Female Breast,132.8,4923,3086658
2015,Massachusetts,Female Breast,138.7,5940,3501089
2015,Michigan,Female Breast,122.7,7740,5048777
2015,Minnesota,Female Breast,135.3,4387,2755982
2015,Mississippi,Female Breast,119.8,2163,1539560
2015,Missouri,Female Breast,131.8,5009,3094077
2015,Montana,Female Breast,135.7,880,512294
2015,Nebraska,Female Breast,130,1425,949042
2015,Nevada,Female Breast,113.5,1876,1427439
2015,New Hampshire,Female Breast,147.5,1319,675463
2015,New Jersey,Female Breast,137.7,7725,4542433
2015,New Mexico,Female Breast,111.4,1454,1055341
2015,New York,Female Breast,134.6,16456,10121136
2015,North Carolina,Female Breast,137.2,8544,5150065
2015,North Dakota,Female Breast,136,568,367405
2015,Ohio,Female Breast,130.1,9656,5931200
2015,Oklahoma,Female Breast,124.7,2875,1972948
2015,Oregon,Female Breast,130.5,3323,2028279
2015,Pennsylvania,Female Breast,132.8,11194,6531011
2015,Rhode Island,Female Breast,141.2,970,543623
2015,South Carolina,Female Breast,132.4,4152,2518205
2015,South Dakota,Female Breast,131.7,665,424080
2015,Tennessee,Female Breast,126.3,5214,3378397
2015,Texas,Female Breast,116.8,16739,13825817
2015,United States,Female Breast,128,248181,162832151
2015,Utah,Female Breast,114.8,1517,1482384
2015,Vermont,Female Breast,132.7,560,316830
2015,Virginia,Female Breast,127.2,6416,4250855
2015,Washington,Female Breast,133.8,5691,3586587
2015,West Virginia,Female Breast,122.9,1537,931825
2015,Wisconsin,Female Breast,131.7,4696,2898414
2015,Wyoming,Female Breast,104.9,343,286706
2016,Alabama,Female Breast,123,3837,2509613
2016,Alaska,Female Breast,116.9,417,353943
2016,Arizona,Female Breast,116.4,4965,3492446
2016,Arkansas,Female Breast,121.5,2279,1521849
2016,California,Female Breast,121.2,26977,19696031
2016,Colorado,Female Breast,129.6,4030,2755067
2016,Connecticut,Female Breast,140.8,3295,1833898
2016,Delaware,Female Breast,134.1,846,490492
2016,District of Columbia,Female Breast,134.4,486,361065
2016,Florida,Female Breast,123,17507,10540185
2016,Georgia,Female Breast,129.1,7707,5290447
2016,Hawaii,Female Breast,134.1,1205,710710
2016,Idaho,Female Breast,124.9,1224,840378
2016,Illinois,Female Breast,135,10501,6523873
2016,Indiana,Female Breast,124.4,5022,3366051
2016,Iowa,Female Breast,131.1,2534,1575193
2016,Kansas,Female Breast,132,2256,1461643
2016,Kentucky,Female Breast,127.2,3515,2253107
2016,Louisiana,Female Breast,125.3,3532,2392011
2016,Maine,Female Breast,126.9,1200,680027
2016,Maryland,Female Breast,130.8,4886,3095485
2016,Massachusetts,Female Breast,143,6191,3515076
2016,Michigan,Female Breast,126,7982,5055467
2016,Minnesota,Female Breast,129.7,4311,2775344
2016,Mississippi,Female Breast,123.2,2249,1540132
2016,Missouri,Female Breast,132.9,5072,3101501
2016,Montana,Female Breast,128.7,860,517417
2016,Nebraska,Female Breast,130.9,1464,955739
2016,Nevada,Female Breast,116.2,1991,1453771
2016,New Hampshire,Female Breast,146.3,1316,678325
2016,New Jersey,Female Breast,136.7,7758,4541709
2016,New Mexico,Female Breast,111.5,1462,1056516
2016,New York,Female Breast,130.9,16155,10104957
2016,North Carolina,Female Breast,137.2,8771,5215042
2016,North Dakota,Female Breast,138.5,564,368008
2016,Ohio,Female Breast,130.4,9793,5937561
2016,Oklahoma,Female Breast,127.2,2967,1982104
2016,Oregon,Female Breast,125.6,3269,2065178
2016,Pennsylvania,Female Breast,133.8,11376,6527015
2016,Rhode Island,Female Breast,137.4,938,543662
2016,South Carolina,Female Breast,129.7,4209,2553825
2016,South Dakota,Female Breast,116.2,590,428212
2016,Tennessee,Female Breast,122.7,5141,3406813
2016,Texas,Female Breast,113.5,16722,14048837
2016,United States,Female Breast,127.1,250591,163986062
2016,Utah,Female Breast,115.3,1570,1511904
2016,Vermont,Female Breast,133.2,567,316042
2016,Virginia,Female Breast,128.1,6528,4276468
2016,Washington,Female Breast,134.2,5837,3650092
2016,West Virginia,Female Breast,119.5,1502,926025
2016,Wisconsin,Female Breast,133.4,4802,2903515
2016,Wyoming,Female Breast,118.7,413,286291
2017,Alabama,Female Breast,117.9,3718,2517486
2017,Alaska,Female Breast,113.4,406,353997
2017,Arizona,Female Breast,114,4977,3545316
2017,Arkansas,Female Breast,116.5,2197,1527948
2017,California,Female Breast,123.3,27804,19783962
2017,Colorado,Female Breast,133.4,4237,2789649
2017,Connecticut,Female Breast,138.5,3275,1831503
2017,Delaware,Female Breast,121.6,781,494606
2017,District of Columbia,Female Breast,148,529,366336
2017,Florida,Female Breast,120.1,17627,10720663
2017,Georgia,Female Breast,128.1,7820,5349075
2017,Hawaii,Female Breast,144.7,1292,710227
2017,Idaho,Female Breast,137.6,1342,858030
2017,Illinois,Female Breast,133.3,10420,6501339
2017,Indiana,Female Breast,125.3,5182,3378096
2017,Iowa,Female Breast,138.9,2706,1579862
2017,Kansas,Female Breast,135.6,2329,1460476
2017,Kentucky,Female Breast,127.1,3595,2260311
2017,Louisiana,Female Breast,129.2,3646,2390634
2017,Maine,Female Breast,129.4,1267,681559
2017,Maryland,Female Breast,134.6,5093,3106751
2017,Massachusetts,Female Breast,137.6,6063,3532606
2017,Michigan,Female Breast,121.2,7720,5064544
2017,Minnesota,Female Breast,140.8,4723,2796520
2017,Mississippi,Female Breast,120.9,2242,1539672
2017,Missouri,Female Breast,133.6,5186,3111381
2017,Montana,Female Breast,140.3,953,523400
2017,Nebraska,Female Breast,130.6,1456,960422
2017,Nevada,Female Breast,121.5,2149,1480860
2017,New Hampshire,Female Breast,137.4,1237,681670
2017,New Jersey,Female Breast,139.9,7975,4547537
2017,New Mexico,Female Breast,115.4,1506,1056754
2017,New York,Female Breast,135.7,16796,10080806
2017,North Carolina,Female Breast,137.4,9000,5274812
2017,North Dakota,Female Breast,131.3,550,369032
2017,Ohio,Female Breast,131.2,9920,5949075
2017,Oklahoma,Female Breast,124.8,2968,1984912
2017,Oregon,Female Breast,126.5,3361,2091485
2017,Pennsylvania,Female Breast,132.9,11351,6528507
2017,Rhode Island,Female Breast,141,986,542884
2017,South Carolina,Female Breast,131.7,4355,2588374
2017,South Dakota,Female Breast,126.9,653,432891
2017,Tennessee,Female Breast,123.6,5320,3438006
2017,Texas,Female Breast,115.9,17427,14238026
2017,United States,Female Breast,127.7,255549,165008683
2017,Utah,Female Breast,113.2,1593,1540562
2017,Vermont,Female Breast,127.1,547,316438
2017,Virginia,Female Breast,123.2,6437,4302531
2017,Washington,Female Breast,135.2,5998,3712553
2017,West Virginia,Female Breast,118.5,1511,918498
2017,Wisconsin,Female Breast,135.9,4953,2911984
2017,Wyoming,Female Breast,109.3,370,284115
2018,Alabama,Female Breast,120.9,3854,2526183
2018,Alaska,Female Breast,127.3,475,352320
2018,Arizona,Female Breast,115.9,5210,3604059
2018,Arkansas,Female Breast,125.2,2375,1533071
2018,California,Female Breast,123.1,28154,19829641
2018,Colorado,Female Breast,131.6,4286,2828980
2018,Connecticut,Female Breast,138.6,3301,1831360
2018,Delaware,Female Breast,140.2,928,499426
2018,District of Columbia,Female Breast,139.9,521,369821
2018,Florida,Female Breast,123.2,18445,10863662
2018,Georgia,Female Breast,132.6,8281,5403773
2018,Hawaii,Female Breast,146.4,1318,709720
2018,Idaho,Female Breast,131.4,1337,873726
2018,Illinois,Female Breast,134.1,10547,6472590
2018,Indiana,Female Breast,129.5,5341,3395350
2018,Iowa,Female Breast,136.4,2666,1582600
2018,Kansas,Female Breast,134.3,2339,1461321
2018,Kentucky,Female Breast,129.1,3699,2265345
2018,Louisiana,Female Breast,133.4,3800,2387863
2018,Maine,Female Breast,126.1,1233,683920
2018,Maryland,Female Breast,131.1,5016,3115060
2018,Massachusetts,Female Breast,133.1,5875,3544419
2018,Michigan,Female Breast,127.9,8323,5068797
2018,Minnesota,Female Breast,139.3,4707,2815323
2018,Mississippi,Female Breast,126.3,2359,1536005
2018,Missouri,Female Breast,126.4,4961,3119006
2018,Montana,Female Breast,147.4,1001,527421
2018,Nebraska,Female Breast,138.1,1553,964575
2018,Nevada,Female Breast,110.3,1988,1510460
2018,New Hampshire,Female Breast,140.9,1301,683488
2018,New Jersey,Female Breast,138.4,7939,4547534
2018,New Mexico,Female Breast,112.5,1519,1057418
2018,New York,Female Breast,136.6,17029,10053544
2018,North Carolina,Female Breast,141.7,9418,5336021
2018,North Dakota,Female Breast,133.4,562,370951
2018,Ohio,Female Breast,131.6,10021,5956223
2018,Oklahoma,Female Breast,125.4,2988,1990175
2018,Oregon,Female Breast,136.5,3702,2109387
2018,Pennsylvania,Female Breast,132.1,11394,6532496
2018,Rhode Island,Female Breast,147.3,1042,543905
2018,South Carolina,Female Breast,128.8,4336,2623668
2018,South Dakota,Female Breast,127.6,664,435837
2018,Tennessee,Female Breast,126.2,5432,3470870
2018,Texas,Female Breast,118.4,18237,14409326
2018,United States,Female Breast,128.9,261423,165877686
2018,Utah,Female Breast,117.2,1696,1566159
2018,Vermont,Female Breast,132,560,316353
2018,Virginia,Female Breast,126.2,6660,4323072
2018,Washington,Female Breast,134.1,6014,3760779
2018,West Virginia,Female Breast,122.1,1553,912019
2018,Wisconsin,Female Breast,138.3,5056,2918734
2018,Wyoming,Female Breast,116.3,407,283930
2019,Alabama,Female Breast,127.2,4100,2536133
2019,Alaska,Female Breast,139.7,529,350790
2019,Arizona,Female Breast,117,5433,3669041
2019,Arkansas,Female Breast,129.3,2523,1538076
2019,California,Female Breast,126.1,29108,19829085
2019,Colorado,Female Breast,131.9,4410,2857610
2019,Connecticut,Female Breast,141.7,3378,1826990
2019,Delaware,Female Breast,150.7,1015,504571
2019,District of Columbia,Female Breast,125.8,472,372393
2019,Florida,Female Breast,125.6,19256,10987074
2019,Georgia,Female Breast,130.7,8329,5462335
2019,Hawaii,Female Breast,143.8,1297,706419
2019,Idaho,Female Breast,129,1378,891995
2019,Illinois,Female Breast,136.6,10806,6443120
2019,Indiana,Female Breast,127,5325,3411571
2019,Iowa,Female Breast,138.8,2770,1586636
2019,Kansas,Female Breast,135,2398,1462080
2019,Kentucky,Female Breast,131.8,3792,2269036
2019,Louisiana,Female Breast,129.7,3749,2385969
2019,Maine,Female Breast,135.2,1340,686674
2019,Maryland,Female Breast,141.3,5456,3122480
2019,Massachusetts,Female Breast,142.5,6343,3548380
2019,Michigan,Female Breast,124.6,8093,5066743
2019,Minnesota,Female Breast,139.4,4785,2830663
2019,Mississippi,Female Breast,127.2,2404,1534587
2019,Missouri,Female Breast,138.3,5436,3127846
2019,Montana,Female Breast,136.3,938,531486
2019,Nebraska,Female Breast,132.2,1515,967601
2019,Nevada,Female Breast,96.7,1823,1541266
2019,New Hampshire,Female Breast,140.5,1329,686814
2019,New Jersey,Female Breast,143.3,8246,4545698
2019,New Mexico,Female Breast,126.8,1693,1060654
2019,New York,Female Breast,142.3,17855,10012065
2019,North Carolina,Female Breast,142.3,9701,5393755
2019,North Dakota,Female Breast,138.5,597,372678
2019,Ohio,Female Breast,132.2,10148,5962634
2019,Oklahoma,Female Breast,122.1,2931,1999160
2019,Oregon,Female Breast,139.4,3865,2126006
2019,Pennsylvania,Female Breast,133.7,11589,6526489
2019,Rhode Island,Female Breast,147.3,1027,543197
2019,South Carolina,Female Breast,132.8,4574,2659704
2019,South Dakota,Female Breast,131.9,708,439553
2019,Tennessee,Female Breast,122.8,5444,3498429
2019,Texas,Female Breast,124.1,19481,14591903
2019,United States,Female Breast,131.5,270395,166637617
2019,Utah,Female Breast,118.5,1763,1589845
2019,Vermont,Female Breast,140.9,618,315738
2019,Virginia,Female Breast,133.8,7156,4345858
2019,Washington,Female Breast,136.3,6254,3802546
2019,West Virginia,Female Breast,128.1,1617,906103
2019,Wisconsin,Female Breast,139.6,5182,2925732
2019,Wyoming,Female Breast,115,416,284406
2020,Alabama,Female Breast,122,3959,2544566
2020,Alaska,Female Breast,114.4,437,349621
2020,Arizona,Female Breast,102.6,4909,3735475
2020,Arkansas,Female Breast,113,2207,1543666
2020,California,Female Breast,111.5,25809,19790589
2020,Colorado,Female Breast,120.7,4083,2881832
2020,Connecticut,Female Breast,133.2,3175,1822086
2020,Delaware,Female Breast,126,881,510069
2020,District of Columbia,Female Breast,122.4,460,374884
2020,Florida,Female Breast,114.9,17874,11113132
2020,Georgia,Female Breast,125.8,8181,5508468
2020,Hawaii,Female Breast,132.3,1200,702640
2020,Idaho,Female Breast,130.6,1406,910789
2020,Illinois,Female Breast,124.1,9839,6402224
2020,Indiana,Female Breast,Data not presented,Data not presented
2020,Iowa,Female Breast,128.3,2533,1587866
2020,Kansas,Female Breast,124.9,2215,1462265
2020,Kentucky,Female Breast,118.7,3377,2271906
2020,Louisiana,Female Breast,120,3528,2381158
2020,Maine,Female Breast,122.8,1245,688840
2020,Maryland,Female Breast,128.6,5025,3123228
2020,Massachusetts,Female Breast,122.4,5469,3546542
2020,Michigan,Female Breast,114.4,7439,5058742
2020,Minnesota,Female Breast,132.4,4535,2838748
2020,Mississippi,Female Breast,113.8,2141,1530971
2020,Missouri,Female Breast,123.5,4913,3133825
2020,Montana,Female Breast,119.6,833,536476
2020,Nebraska,Female Breast,123.8,1407,969739
2020,Nevada,Female Breast,Data not presented,Data not presented
2020,New Hampshire,Female Breast,130.4,1224,689281
2020,New Jersey,Female Breast,127.6,7352,4539322
2020,New Mexico,Female Breast,103.1,1409,1063860
2020,New York,Female Breast,124.7,15606,9946279
2020,North Carolina,Female Breast,129.9,8911,5448241
2020,North Dakota,Female Breast,115.1,488,373494
2020,Ohio,Female Breast,122.8,9439,5960556
2020,Oklahoma,Female Breast,114,2756,2009602
2020,Oregon,Female Breast,116.1,3210,2139046
2020,Pennsylvania,Female Breast,120.8,10493,6516212
2020,Rhode Island,Female Breast,126.5,888,542433
2020,South Carolina,Female Breast,120.3,4240,2694628
2020,South Dakota,Female Breast,117.1,613,442058
2020,Tennessee,Female Breast,116.8,5252,3528814
2020,Texas,Female Breast,109.5,17580,14779708
2020,United States,Female Breast,119.2,239612,162239308
2020,Utah,Female Breast,113.4,1729,1612139
2020,Vermont,Female Breast,127.5,549,315355
2020,Virginia,Female Breast,121,6513,4363032
2020,Washington,Female Breast,124,5739,3840014
2020,West Virginia,Female Breast,110.8,1438,900511
2020,Wisconsin,Female Breast,126.3,4692,2928939
2020,Wyoming,Female Breast,119.6,411,285437
